{
	"IcoMoonType": "selection",
	"icons": [
		{
			"icon": {
				"paths": [
					"M829.538 674.462l-25.846 25.846-191.692-164.308-84 72-84-72-191.692 164.308-25.846-25.846 189.538-162.462-189.538-162.462 25.846-25.846 275.692 236.308 275.692-236.308 25.846 25.846-189.538 162.462 189.538 162.462zM192.115 256c-35.41 0-64.115 28.624-64.115 63.81v384.38c0 35.241 28.472 63.81 64.115 63.81h671.77c35.41 0 64.115-28.624 64.115-63.81v-384.38c0-35.241-28.472-63.81-64.115-63.81h-671.77z"
				],
				"attrs": [],
				"isMulticolor": false,
				"tags": [
					"mail-envelope-closed"
				],
				"grid": 32
			},
			"attrs": [],
			"properties": {
				"order": 9,
				"id": 0,
				"prevSize": 32,
				"code": 59648,
				"name": "envelope"
			},
			"setIdx": 0,
			"setId": 2,
			"iconIdx": 0
		},
		{
			"icon": {
				"paths": [
					"M704 640c-64 64-64 128-128 128s-128-64-192-128-128-128-128-192 64-64 128-128-128-256-192-256-192 192-192 192c0 128 131.5 387.5 256 512s384 256 512 256c0 0 192-128 192-192s-192-256-256-192z"
				],
				"tags": [
					"phone",
					"telephone",
					"contact",
					"support",
					"call"
				],
				"defaultCode": 59714,
				"grid": 16,
				"attrs": []
			},
			"attrs": [],
			"properties": {
				"ligatures": "phone, telephone",
				"name": "phone",
				"order": 12,
				"id": 67,
				"prevSize": 32,
				"code": 59714
			},
			"setIdx": 1,
			"setId": 1,
			"iconIdx": 66
		},
		{
			"icon": {
				"paths": [
					"M64 192h896v192h-896zM64 448h896v192h-896zM64 704h896v192h-896z"
				],
				"tags": [
					"menu",
					"list",
					"options",
					"lines",
					"hamburger"
				],
				"defaultCode": 59837,
				"grid": 16,
				"attrs": []
			},
			"attrs": [],
			"properties": {
				"ligatures": "menu, list3",
				"name": "menu",
				"order": 11,
				"id": 190,
				"prevSize": 32,
				"code": 59837
			},
			"setIdx": 1,
			"setId": 1,
			"iconIdx": 189
		},
		{
			"icon": {
				"paths": [
					"M512 0c-282.77 0-512 229.23-512 512s229.23 512 512 512 512-229.23 512-512-229.23-512-512-512zM512 928c-229.75 0-416-186.25-416-416s186.25-416 416-416 416 186.25 416 416-186.25 416-416 416z",
					"M672 256l-160 160-160-160-96 96 160 160-160 160 96 96 160-160 160 160 96-96-160-160 160-160z"
				],
				"tags": [
					"cancel-circle",
					"close",
					"remove",
					"delete"
				],
				"defaultCode": 59917,
				"grid": 16,
				"attrs": []
			},
			"attrs": [],
			"properties": {
				"ligatures": "cancel-circle, close",
				"name": "cancel-circle",
				"order": 10,
				"id": 270,
				"prevSize": 32,
				"code": 59917
			},
			"setIdx": 1,
			"setId": 1,
			"iconIdx": 269
		}
	],
	"height": 1024,
	"metadata": {
		"name": "icomoon"
	},
	"preferences": {
		"showGlyphs": true,
		"showQuickUse": true,
		"showQuickUse2": true,
		"showSVGs": true,
		"fontPref": {
			"prefix": "icon-",
			"metadata": {
				"fontFamily": "icomoon"
			},
			"metrics": {
				"emSize": 1024,
				"baseline": 6.25,
				"whitespace": 50
			},
			"embed": false
		},
		"imagePref": {
			"prefix": "icon-",
			"png": true,
			"useClassSelector": true,
			"color": 0,
			"bgColor": 16777215,
			"classSelector": ".icon"
		},
		"historySize": 100,
		"showCodes": true,
		"gridSize": 16
	}
}